{"cameraMode":{"drawMode":0,"name":"Shaded","section":"Shading Mode"},"sceneLighting":true,"audioPlay":false,"sceneViewState":{"m_AlwaysRefresh":false,"showFog":true,"showSkybox":true,"showFlares":true,"showImageEffects":true,"showParticleSystems":true,"showVisualEffectGraphs":true,"m_FxEnabled":true},"in2DMode":false,"pivot":{"x":-1.0995700359344483,"y":-0.7607159614562988,"z":0.031253039836883548},"rotation":{"x":0.13598224520683289,"y":0.6598635315895081,"z":-0.12314528971910477,"w":0.7286517024040222},"size":1.9405887126922608,"orthographic":false}